system:index,NDII,NDVI,NDWI,date,point_id,.geo
0_0,0.22778828,0.7740303,0.3177453,2024-11-07,25000,"{""type"":""MultiPoint"",""coordinates"":[]}"
1_0,0.18417898,0.71492577,0.19984326,2024-11-07,25001,"{""type"":""MultiPoint"",""coordinates"":[]}"
2_0,0.37877908,0.8928044,0.35457566,2024-11-07,25002,"{""type"":""MultiPoint"",""coordinates"":[]}"
3_0,0.18942349,0.743462,0.19914347,2024-11-07,25003,"{""type"":""MultiPoint"",""coordinates"":[]}"
4_0,0.26937985,0.72143835,0.25148907,2024-11-07,25004,"{""type"":""MultiPoint"",""coordinates"":[]}"
5_0,0.09815782,0.45778465,0.06871096,2024-11-07,25005,"{""type"":""MultiPoint"",""coordinates"":[]}"
6_0,0.052998945,0.65145427,0.030808903,2024-11-07,25006,"{""type"":""MultiPoint"",""coordinates"":[]}"
7_0,0.12857473,0.46129376,0.04194089,2024-11-07,25007,"{""type"":""MultiPoint"",""coordinates"":[]}"
8_0,0.11957672,0.6615385,0.13029827,2024-11-07,25008,"{""type"":""MultiPoint"",""coordinates"":[]}"
9_0,0.17706779,0.6885813,0.17237237,2024-11-07,25009,"{""type"":""MultiPoint"",""coordinates"":[]}"
10_0,0.12003814,0.62198037,0.02179599,2024-11-07,25010,"{""type"":""MultiPoint"",""coordinates"":[]}"
11_0,0.2503536,0.8578835,0.24301162,2024-11-07,25011,"{""type"":""MultiPoint"",""coordinates"":[]}"
12_0,-0.0491107,0.5469941,-0.039179593,2024-11-07,25012,"{""type"":""MultiPoint"",""coordinates"":[]}"
13_0,0.010124252,0.6108393,-0.002563505,2024-11-07,25013,"{""type"":""MultiPoint"",""coordinates"":[]}"
14_0,0.23826808,0.7748729,0.24916944,2024-11-07,25014,"{""type"":""MultiPoint"",""coordinates"":[]}"
15_0,0.27294287,0.7984505,0.21612485,2024-11-07,25015,"{""type"":""MultiPoint"",""coordinates"":[]}"
16_0,0.14970557,0.78775275,0.19167238,2024-11-07,25016,"{""type"":""MultiPoint"",""coordinates"":[]}"
17_0,0.10428737,0.7247059,0.11673967,2024-11-07,25017,"{""type"":""MultiPoint"",""coordinates"":[]}"
18_0,0.17017543,0.7620008,0.07163886,2024-11-07,25018,"{""type"":""MultiPoint"",""coordinates"":[]}"
19_0,-0.031593964,0.5499768,-0.062115557,2024-11-07,25019,"{""type"":""MultiPoint"",""coordinates"":[]}"
20_0,0.14756757,0.7004717,0.15668449,2024-11-07,25020,"{""type"":""MultiPoint"",""coordinates"":[]}"
21_0,0.14481328,0.75254136,0.18826309,2024-11-07,25021,"{""type"":""MultiPoint"",""coordinates"":[]}"
22_0,0.07114026,0.6704762,0.05638134,2024-11-07,25022,"{""type"":""MultiPoint"",""coordinates"":[]}"
23_0,0.39239204,0.89893323,0.39872584,2024-11-07,25023,"{""type"":""MultiPoint"",""coordinates"":[]}"
24_0,0.13961565,0.6284153,0.12399811,2024-11-07,25024,"{""type"":""MultiPoint"",""coordinates"":[]}"
25_0,0.25117108,0.7918844,0.26221868,2024-11-07,25025,"{""type"":""MultiPoint"",""coordinates"":[]}"
26_0,-0.004899079,0.5195008,-0.022328548,2024-11-07,25026,"{""type"":""MultiPoint"",""coordinates"":[]}"
27_0,0.14688395,0.75821286,0.16019943,2024-11-07,25027,"{""type"":""MultiPoint"",""coordinates"":[]}"
28_0,0.0625455,0.5969255,0.049551766,2024-11-07,25028,"{""type"":""MultiPoint"",""coordinates"":[]}"
29_0,0.11477152,0.6742004,0.081840724,2024-11-07,25029,"{""type"":""MultiPoint"",""coordinates"":[]}"
30_0,0.24803509,0.8010785,0.18743828,2024-11-07,25030,"{""type"":""MultiPoint"",""coordinates"":[]}"
31_0,0.15379739,0.6772829,0.12652303,2024-11-07,25031,"{""type"":""MultiPoint"",""coordinates"":[]}"
32_0,0.11213945,0.5688368,0.112594165,2024-11-07,25032,"{""type"":""MultiPoint"",""coordinates"":[]}"
33_0,0.07375996,0.534111,0.09264854,2024-11-07,25033,"{""type"":""MultiPoint"",""coordinates"":[]}"
34_0,0.24535978,0.74231803,0.2094269,2024-11-07,25034,"{""type"":""MultiPoint"",""coordinates"":[]}"
35_0,0.22778948,0.7919949,0.21573658,2024-11-07,25035,"{""type"":""MultiPoint"",""coordinates"":[]}"
36_0,0.23793031,0.7034661,0.17378296,2024-11-07,25036,"{""type"":""MultiPoint"",""coordinates"":[]}"
37_0,0.18366483,0.8240417,0.27780202,2024-11-07,25037,"{""type"":""MultiPoint"",""coordinates"":[]}"
38_0,0.32156864,0.719603,0.333975,2024-11-07,25038,"{""type"":""MultiPoint"",""coordinates"":[]}"
39_0,0.17095588,0.64032423,0.08950202,2024-11-07,25039,"{""type"":""MultiPoint"",""coordinates"":[]}"
40_0,0.15403622,0.7077463,0.12193152,2024-11-07,25040,"{""type"":""MultiPoint"",""coordinates"":[]}"
41_0,0.16252232,0.7098475,0.12844189,2024-11-07,25041,"{""type"":""MultiPoint"",""coordinates"":[]}"
42_0,0.33971775,0.80966115,0.3175853,2024-11-07,25042,"{""type"":""MultiPoint"",""coordinates"":[]}"
43_0,0.34288678,0.79113334,0.32119,2024-11-07,25043,"{""type"":""MultiPoint"",""coordinates"":[]}"
44_0,0.47363257,0.88475835,0.4784933,2024-11-07,25044,"{""type"":""MultiPoint"",""coordinates"":[]}"
45_0,0.054608986,0.7523593,0.15787908,2024-11-07,25045,"{""type"":""MultiPoint"",""coordinates"":[]}"
46_0,0.19705121,0.53082705,0.20294762,2024-11-07,25046,"{""type"":""MultiPoint"",""coordinates"":[]}"
47_0,0.27686584,0.8167183,0.27954644,2024-11-07,25047,"{""type"":""MultiPoint"",""coordinates"":[]}"
48_0,0.13024439,0.6690065,0.06906034,2024-11-07,25048,"{""type"":""MultiPoint"",""coordinates"":[]}"
49_0,0.38538206,0.78396916,0.3845642,2024-11-07,25049,"{""type"":""MultiPoint"",""coordinates"":[]}"
50_0,0.052883655,0.53794575,0.034777302,2024-11-07,25050,"{""type"":""MultiPoint"",""coordinates"":[]}"
51_0,0.078629546,0.54041326,0.055374254,2024-11-07,25051,"{""type"":""MultiPoint"",""coordinates"":[]}"
52_0,0.25230202,0.7781943,0.2722396,2024-11-07,25052,"{""type"":""MultiPoint"",""coordinates"":[]}"
53_0,0.28819877,0.7846154,0.29128015,2024-11-07,25053,"{""type"":""MultiPoint"",""coordinates"":[]}"
54_0,0.28911564,0.7540676,0.3141116,2024-11-07,25054,"{""type"":""MultiPoint"",""coordinates"":[]}"
55_0,0.19390696,0.56146836,0.23620051,2024-11-07,25055,"{""type"":""MultiPoint"",""coordinates"":[]}"
56_0,0.2673221,0.7628185,0.28326082,2024-11-07,25056,"{""type"":""MultiPoint"",""coordinates"":[]}"
57_0,0.22194359,0.74800694,0.23329362,2024-11-07,25057,"{""type"":""MultiPoint"",""coordinates"":[]}"
58_0,0.12212881,0.47354797,0.0736093,2024-11-07,25058,"{""type"":""MultiPoint"",""coordinates"":[]}"
59_0,0.22086556,0.74407464,0.17725475,2024-11-07,25059,"{""type"":""MultiPoint"",""coordinates"":[]}"
60_0,0.25214443,0.81708187,0.31301618,2024-11-07,25060,"{""type"":""MultiPoint"",""coordinates"":[]}"
61_0,0.080782145,0.56259334,0.058276,2024-11-07,25061,"{""type"":""MultiPoint"",""coordinates"":[]}"
62_0,0.17382155,0.51131225,0.18564613,2024-11-07,25062,"{""type"":""MultiPoint"",""coordinates"":[]}"
63_0,0.31918907,0.83547217,0.31774154,2024-11-07,25063,"{""type"":""MultiPoint"",""coordinates"":[]}"
64_0,0.161789,0.6169661,0.14600506,2024-11-07,25064,"{""type"":""MultiPoint"",""coordinates"":[]}"
65_0,0.17456472,0.72129256,0.20155978,2024-11-07,25065,"{""type"":""MultiPoint"",""coordinates"":[]}"
66_0,0.11716783,0.6549206,0.07831011,2024-11-07,25066,"{""type"":""MultiPoint"",""coordinates"":[]}"
67_0,0.22123559,0.6,0.1971088,2024-11-07,25067,"{""type"":""MultiPoint"",""coordinates"":[]}"
68_0,0.19696306,0.6327728,0.20577617,2024-11-07,25068,"{""type"":""MultiPoint"",""coordinates"":[]}"
69_0,0.19267163,0.7515455,0.19477911,2024-11-07,25069,"{""type"":""MultiPoint"",""coordinates"":[]}"
70_0,0.3805839,0.81276774,0.29892763,2024-11-07,25070,"{""type"":""MultiPoint"",""coordinates"":[]}"
71_0,0.09493877,0.693048,0.09107688,2024-11-07,25071,"{""type"":""MultiPoint"",""coordinates"":[]}"
72_0,0.33880785,0.7261952,0.27771464,2024-11-07,25072,"{""type"":""MultiPoint"",""coordinates"":[]}"
73_0,0.24829371,0.7959576,0.27343038,2024-11-07,25073,"{""type"":""MultiPoint"",""coordinates"":[]}"
74_0,0.3623295,0.78492355,0.32369038,2024-11-07,25074,"{""type"":""MultiPoint"",""coordinates"":[]}"
75_0,0.16913266,0.72564447,0.15973906,2024-11-07,25075,"{""type"":""MultiPoint"",""coordinates"":[]}"
76_0,0.104058035,0.5961273,0.07749767,2024-11-07,25076,"{""type"":""MultiPoint"",""coordinates"":[]}"
77_0,0.14773683,0.6233476,0.12870863,2024-11-07,25077,"{""type"":""MultiPoint"",""coordinates"":[]}"
78_0,0.062466674,0.66328156,0.025076224,2024-11-07,25078,"{""type"":""MultiPoint"",""coordinates"":[]}"
79_0,0.008460198,0.50295115,-0.045324784,2024-11-07,25079,"{""type"":""MultiPoint"",""coordinates"":[]}"
80_0,0.39165884,0.8296263,0.38894385,2024-11-07,25080,"{""type"":""MultiPoint"",""coordinates"":[]}"
81_0,0.08246529,0.58921313,0.080365844,2024-11-07,25081,"{""type"":""MultiPoint"",""coordinates"":[]}"
82_0,0.19116825,0.7189483,0.13292684,2024-11-07,25082,"{""type"":""MultiPoint"",""coordinates"":[]}"
83_0,0.0745491,0.57095313,0.06191735,2024-11-07,25083,"{""type"":""MultiPoint"",""coordinates"":[]}"
84_0,0.060527187,0.5383286,0.044270404,2024-11-07,25084,"{""type"":""MultiPoint"",""coordinates"":[]}"
85_0,0.26553446,0.7177445,0.18923688,2024-11-07,25085,"{""type"":""MultiPoint"",""coordinates"":[]}"
86_0,0.16299835,0.70864254,0.13853948,2024-11-07,25086,"{""type"":""MultiPoint"",""coordinates"":[]}"
87_0,0.12139549,0.66388696,0.07060985,2024-11-07,25087,"{""type"":""MultiPoint"",""coordinates"":[]}"
88_0,0.19419006,0.75645685,0.19768874,2024-11-07,25088,"{""type"":""MultiPoint"",""coordinates"":[]}"
89_0,0.2085657,0.7352556,0.19764812,2024-11-07,25089,"{""type"":""MultiPoint"",""coordinates"":[]}"
90_0,0.20049016,0.75337905,0.3004933,2024-11-07,25090,"{""type"":""MultiPoint"",""coordinates"":[]}"
91_0,0.15626404,0.6941637,0.16059862,2024-11-07,25091,"{""type"":""MultiPoint"",""coordinates"":[]}"
92_0,0.28660494,0.7871452,0.38200864,2024-11-07,25092,"{""type"":""MultiPoint"",""coordinates"":[]}"
93_0,0.45769563,0.8141264,0.44421425,2024-11-07,25093,"{""type"":""MultiPoint"",""coordinates"":[]}"
94_0,0.4034443,0.8192821,0.38695994,2024-11-07,25094,"{""type"":""MultiPoint"",""coordinates"":[]}"
95_0,0.33168206,0.671866,0.32206488,2024-11-07,25095,"{""type"":""MultiPoint"",""coordinates"":[]}"
96_0,0.15344533,0.6904614,0.18801838,2024-11-07,25096,"{""type"":""MultiPoint"",""coordinates"":[]}"
97_0,0.16058822,0.748813,0.11907637,2024-11-07,25097,"{""type"":""MultiPoint"",""coordinates"":[]}"
98_0,0.2317487,0.7441595,0.24789858,2024-11-07,25098,"{""type"":""MultiPoint"",""coordinates"":[]}"
99_0,0.24122083,0.7594962,0.2676937,2024-11-07,25099,"{""type"":""MultiPoint"",""coordinates"":[]}"
100_0,0.050659932,0.6634353,-0.004649507,2024-11-07,25100,"{""type"":""MultiPoint"",""coordinates"":[]}"
101_0,0.26295653,0.772015,0.28846914,2024-11-07,25101,"{""type"":""MultiPoint"",""coordinates"":[]}"
102_0,0.4172798,0.788893,0.40066493,2024-11-07,25102,"{""type"":""MultiPoint"",""coordinates"":[]}"
103_0,0.35739735,0.8096585,0.4280919,2024-11-07,25103,"{""type"":""MultiPoint"",""coordinates"":[]}"
104_0,0.44642112,0.81538963,0.4651862,2024-11-07,25104,"{""type"":""MultiPoint"",""coordinates"":[]}"
105_0,0.2023792,0.6820361,0.22429402,2024-11-07,25105,"{""type"":""MultiPoint"",""coordinates"":[]}"
106_0,0.17621681,0.77573633,0.19572686,2024-11-07,25106,"{""type"":""MultiPoint"",""coordinates"":[]}"
107_0,0.15727146,0.5995694,0.12702402,2024-11-07,25107,"{""type"":""MultiPoint"",""coordinates"":[]}"
108_0,0.29369268,0.7587389,0.33750325,2024-11-07,25108,"{""type"":""MultiPoint"",""coordinates"":[]}"
109_0,0.19551231,0.79332423,0.20358562,2024-11-07,25109,"{""type"":""MultiPoint"",""coordinates"":[]}"
110_0,0.17119765,0.72104406,0.104761906,2024-11-07,25110,"{""type"":""MultiPoint"",""coordinates"":[]}"
111_0,0.3050557,0.68617475,0.10138504,2024-11-07,25111,"{""type"":""MultiPoint"",""coordinates"":[]}"
112_0,0.30595353,0.75985163,0.270415,2024-11-07,25112,"{""type"":""MultiPoint"",""coordinates"":[]}"
113_0,0.34216952,0.7014634,0.29810196,2024-11-07,25113,"{""type"":""MultiPoint"",""coordinates"":[]}"
114_0,0.15714286,0.63521016,0.14872365,2024-11-07,25114,"{""type"":""MultiPoint"",""coordinates"":[]}"
115_0,0.32357946,0.7552083,0.15115286,2024-11-07,25115,"{""type"":""MultiPoint"",""coordinates"":[]}"
116_0,0.43451273,0.8365062,0.4590213,2024-11-07,25116,"{""type"":""MultiPoint"",""coordinates"":[]}"
117_0,0.2086331,0.703247,0.18332382,2024-11-07,25117,"{""type"":""MultiPoint"",""coordinates"":[]}"
118_0,0.22441731,0.7275064,0.21217588,2024-11-07,25118,"{""type"":""MultiPoint"",""coordinates"":[]}"
119_0,0.14326824,0.7069916,0.17071229,2024-11-07,25119,"{""type"":""MultiPoint"",""coordinates"":[]}"
120_0,0.2829692,0.7478386,0.280887,2024-11-07,25120,"{""type"":""MultiPoint"",""coordinates"":[]}"
121_0,0.265012,0.70290637,0.2656,2024-11-07,25121,"{""type"":""MultiPoint"",""coordinates"":[]}"
122_0,0.3220159,0.7601018,0.35423812,2024-11-07,25122,"{""type"":""MultiPoint"",""coordinates"":[]}"
123_0,0.24484806,0.7281947,0.22369838,2024-11-07,25123,"{""type"":""MultiPoint"",""coordinates"":[]}"
124_0,0.27295285,0.79659367,0.114536114,2024-11-07,25124,"{""type"":""MultiPoint"",""coordinates"":[]}"
125_0,0.35365647,0.83228254,0.42758325,2024-11-07,25125,"{""type"":""MultiPoint"",""coordinates"":[]}"
126_0,0.14011128,0.6588679,0.12775782,2024-11-07,25126,"{""type"":""MultiPoint"",""coordinates"":[]}"
127_0,0.18966508,0.605648,0.20128277,2024-11-07,25127,"{""type"":""MultiPoint"",""coordinates"":[]}"
128_0,0.10922051,0.6820833,0.038592264,2024-11-07,25128,"{""type"":""MultiPoint"",""coordinates"":[]}"
129_0,0.31601447,0.75775605,0.33075932,2024-11-07,25129,"{""type"":""MultiPoint"",""coordinates"":[]}"
130_0,0.056168247,0.61389655,0.052523173,2024-11-07,25130,"{""type"":""MultiPoint"",""coordinates"":[]}"
131_0,0.3523232,0.7996608,0.34486327,2024-11-07,25131,"{""type"":""MultiPoint"",""coordinates"":[]}"
132_0,0.3286582,0.7497502,0.29202464,2024-11-07,25132,"{""type"":""MultiPoint"",""coordinates"":[]}"
133_0,0.17681672,0.75643563,0.118184686,2024-11-07,25133,"{""type"":""MultiPoint"",""coordinates"":[]}"
134_0,0.21039194,0.63917947,0.26192567,2024-11-07,25134,"{""type"":""MultiPoint"",""coordinates"":[]}"
135_0,0.31918994,0.8186337,0.283228,2024-11-07,25135,"{""type"":""MultiPoint"",""coordinates"":[]}"
136_0,0.16895385,0.5861145,0.18842925,2024-11-07,25136,"{""type"":""MultiPoint"",""coordinates"":[]}"
137_0,0.09980123,0.7316878,0.09978331,2024-11-07,25137,"{""type"":""MultiPoint"",""coordinates"":[]}"
138_0,0.20956582,0.7608896,0.20074512,2024-11-07,25138,"{""type"":""MultiPoint"",""coordinates"":[]}"
139_0,0.19750796,0.7328909,0.13584858,2024-11-07,25139,"{""type"":""MultiPoint"",""coordinates"":[]}"
140_0,0.17537248,0.66671497,0.17861459,2024-11-07,25140,"{""type"":""MultiPoint"",""coordinates"":[]}"
141_0,0.09333802,0.5792071,0.07398497,2024-11-07,25141,"{""type"":""MultiPoint"",""coordinates"":[]}"
142_0,0.3729588,0.8122086,0.34691343,2024-11-07,25142,"{""type"":""MultiPoint"",""coordinates"":[]}"
143_0,0.25287542,0.7833955,0.2741517,2024-11-07,25143,"{""type"":""MultiPoint"",""coordinates"":[]}"
144_0,0.22388326,0.6262816,0.3007915,2024-11-07,25144,"{""type"":""MultiPoint"",""coordinates"":[]}"
145_0,0.18125646,0.7090264,0.099305995,2024-11-07,25145,"{""type"":""MultiPoint"",""coordinates"":[]}"
146_0,0.21118176,0.57923865,0.23831676,2024-11-07,25146,"{""type"":""MultiPoint"",""coordinates"":[]}"
147_0,0.1590201,0.6469234,0.13940063,2024-11-07,25147,"{""type"":""MultiPoint"",""coordinates"":[]}"
148_0,0.1804124,0.6839143,0.18976381,2024-11-07,25148,"{""type"":""MultiPoint"",""coordinates"":[]}"
149_0,0.13079959,0.6310808,0.08399038,2024-11-07,25149,"{""type"":""MultiPoint"",""coordinates"":[]}"
150_0,0.15683278,0.6544978,0.13273717,2024-11-07,25150,"{""type"":""MultiPoint"",""coordinates"":[]}"
151_0,0.2305978,0.64297944,0.24817549,2024-11-07,25151,"{""type"":""MultiPoint"",""coordinates"":[]}"
152_0,0.3043217,0.81130457,0.27594998,2024-11-07,25152,"{""type"":""MultiPoint"",""coordinates"":[]}"
153_0,0.43179968,0.7948548,0.38181552,2024-11-07,25153,"{""type"":""MultiPoint"",""coordinates"":[]}"
154_0,0.28832856,0.7891548,0.26031074,2024-11-07,25154,"{""type"":""MultiPoint"",""coordinates"":[]}"
155_0,0.32926998,0.79908717,0.276186,2024-11-07,25155,"{""type"":""MultiPoint"",""coordinates"":[]}"
156_0,0.27406114,0.76018995,0.27367532,2024-11-07,25156,"{""type"":""MultiPoint"",""coordinates"":[]}"
157_0,0.20415,0.68494177,0.2151212,2024-11-07,25157,"{""type"":""MultiPoint"",""coordinates"":[]}"
158_0,0.07157508,0.46066368,0.086347505,2024-11-07,25158,"{""type"":""MultiPoint"",""coordinates"":[]}"
159_0,0.22088088,0.7710262,0.22736216,2024-11-07,25159,"{""type"":""MultiPoint"",""coordinates"":[]}"
160_0,0.16842264,0.69340813,0.16171934,2024-11-07,25160,"{""type"":""MultiPoint"",""coordinates"":[]}"
161_0,0.09679025,0.57826716,0.09274687,2024-11-07,25161,"{""type"":""MultiPoint"",""coordinates"":[]}"
162_0,0.21402419,0.73660964,0.2123323,2024-11-07,25162,"{""type"":""MultiPoint"",""coordinates"":[]}"
163_0,0.02931913,0.5384994,0.011678547,2024-11-07,25163,"{""type"":""MultiPoint"",""coordinates"":[]}"
164_0,-0.056192823,0.4974124,-0.058998097,2024-11-07,25164,"{""type"":""MultiPoint"",""coordinates"":[]}"
165_0,0.131541,0.6403519,0.14411773,2024-11-07,25165,"{""type"":""MultiPoint"",""coordinates"":[]}"
166_0,0.38221043,0.827721,0.39469838,2024-11-07,25166,"{""type"":""MultiPoint"",""coordinates"":[]}"
167_0,0.07290296,0.5488514,0.06166407,2024-11-07,25167,"{""type"":""MultiPoint"",""coordinates"":[]}"
168_0,0.023038955,0.58440095,-0.0067215096,2024-11-07,25168,"{""type"":""MultiPoint"",""coordinates"":[]}"
169_0,0.015078646,0.56043756,-0.010014629,2024-11-07,25169,"{""type"":""MultiPoint"",""coordinates"":[]}"
170_0,0.13925204,0.72421217,0.14026168,2024-11-07,25170,"{""type"":""MultiPoint"",""coordinates"":[]}"
171_0,0.035057995,0.5905049,0.01784396,2024-11-07,25171,"{""type"":""MultiPoint"",""coordinates"":[]}"
172_0,0.049350407,0.4837387,0.07473742,2024-11-07,25172,"{""type"":""MultiPoint"",""coordinates"":[]}"
173_0,0.4255382,0.8665961,0.4263748,2024-11-07,25173,"{""type"":""MultiPoint"",""coordinates"":[]}"
174_0,0.062256098,0.5981476,0.05462382,2024-11-07,25174,"{""type"":""MultiPoint"",""coordinates"":[]}"
175_0,0.3149526,0.7860478,0.27780676,2024-11-07,25175,"{""type"":""MultiPoint"",""coordinates"":[]}"
176_0,0.23077568,0.6760827,0.1700034,2024-11-07,25176,"{""type"":""MultiPoint"",""coordinates"":[]}"
177_0,0.0060187886,0.6325695,0.057850577,2024-11-07,25177,"{""type"":""MultiPoint"",""coordinates"":[]}"
178_0,0.08512533,0.69701874,0.07670646,2024-11-07,25178,"{""type"":""MultiPoint"",""coordinates"":[]}"
179_0,0.30715084,0.7294076,0.32277194,2024-11-07,25179,"{""type"":""MultiPoint"",""coordinates"":[]}"
180_0,0.17051966,0.6919934,0.15872416,2024-11-07,25180,"{""type"":""MultiPoint"",""coordinates"":[]}"
181_0,0.05571628,0.61127526,0.025911067,2024-11-07,25181,"{""type"":""MultiPoint"",""coordinates"":[]}"
182_0,0.14830387,0.64340746,0.11781853,2024-11-07,25182,"{""type"":""MultiPoint"",""coordinates"":[]}"
183_0,0.21185482,0.7957715,0.15054154,2024-11-07,25183,"{""type"":""MultiPoint"",""coordinates"":[]}"
184_0,0.11220699,0.62152,0.10414839,2024-11-07,25184,"{""type"":""MultiPoint"",""coordinates"":[]}"
185_0,0.13063306,0.6226593,0.13381046,2024-11-07,25185,"{""type"":""MultiPoint"",""coordinates"":[]}"
186_0,0.16824873,0.6740606,0.13459189,2024-11-07,25186,"{""type"":""MultiPoint"",""coordinates"":[]}"
187_0,0.07682189,0.64560485,0.06483179,2024-11-07,25187,"{""type"":""MultiPoint"",""coordinates"":[]}"
188_0,0.22210872,0.70165735,0.20165347,2024-11-07,25188,"{""type"":""MultiPoint"",""coordinates"":[]}"
189_0,0.22654362,0.67053896,0.18495671,2024-11-07,25189,"{""type"":""MultiPoint"",""coordinates"":[]}"
190_0,0.38085616,0.85854,0.37811217,2024-11-07,25190,"{""type"":""MultiPoint"",""coordinates"":[]}"
191_0,0.07164948,0.6362186,0.038580045,2024-11-07,25191,"{""type"":""MultiPoint"",""coordinates"":[]}"
192_0,0.3783947,0.81273407,0.3963225,2024-11-07,25192,"{""type"":""MultiPoint"",""coordinates"":[]}"
193_0,0.18748274,0.70022124,0.18170111,2024-11-07,25193,"{""type"":""MultiPoint"",""coordinates"":[]}"
194_0,0.36481315,0.76289415,0.37003696,2024-11-07,25194,"{""type"":""MultiPoint"",""coordinates"":[]}"
195_0,0.15484327,0.72953737,0.15084064,2024-11-07,25195,"{""type"":""MultiPoint"",""coordinates"":[]}"
196_0,0.13846155,0.578125,0.13336368,2024-11-07,25196,"{""type"":""MultiPoint"",""coordinates"":[]}"
197_0,0.15362164,0.5944667,0.12482853,2024-11-07,25197,"{""type"":""MultiPoint"",""coordinates"":[]}"
198_0,0.22419529,0.80107844,0.22506477,2024-11-07,25198,"{""type"":""MultiPoint"",""coordinates"":[]}"
199_0,0.08347432,0.6430727,0.029999783,2024-11-07,25199,"{""type"":""MultiPoint"",""coordinates"":[]}"
200_0,0.116918266,0.61434984,0.097142175,2024-11-07,25200,"{""type"":""MultiPoint"",""coordinates"":[]}"
201_0,0.18892823,0.7689243,0.124391936,2024-11-07,25201,"{""type"":""MultiPoint"",""coordinates"":[]}"
202_0,0.27615893,0.76101863,0.24386026,2024-11-07,25202,"{""type"":""MultiPoint"",""coordinates"":[]}"
203_0,0.3974742,0.81647676,0.42559043,2024-11-07,25203,"{""type"":""MultiPoint"",""coordinates"":[]}"
204_0,0.23728813,0.60787827,0.23026316,2024-11-07,25204,"{""type"":""MultiPoint"",""coordinates"":[]}"
205_0,0.04217285,0.5249249,0.041417774,2024-11-07,25205,"{""type"":""MultiPoint"",""coordinates"":[]}"
206_0,0.14150696,0.5815047,0.12916112,2024-11-07,25206,"{""type"":""MultiPoint"",""coordinates"":[]}"
207_0,0.28411692,0.7927363,0.287998,2024-11-07,25207,"{""type"":""MultiPoint"",""coordinates"":[]}"
208_0,0.24821946,0.8086957,0.23242661,2024-11-07,25208,"{""type"":""MultiPoint"",""coordinates"":[]}"
209_0,0.07868742,0.52463806,0.052903987,2024-11-07,25209,"{""type"":""MultiPoint"",""coordinates"":[]}"
210_0,0.376846,0.8312243,0.4137117,2024-11-07,25210,"{""type"":""MultiPoint"",""coordinates"":[]}"
211_0,0.25350395,0.7581362,0.23391262,2024-11-07,25211,"{""type"":""MultiPoint"",""coordinates"":[]}"
212_0,0.3610527,0.8501004,0.3563452,2024-11-07,25212,"{""type"":""MultiPoint"",""coordinates"":[]}"
213_0,0.3588557,0.78719795,0.40579385,2024-11-07,25213,"{""type"":""MultiPoint"",""coordinates"":[]}"
214_0,0.16538557,0.7318872,0.12832108,2024-11-07,25214,"{""type"":""MultiPoint"",""coordinates"":[]}"
215_0,0.26052868,0.8083302,0.34197128,2024-11-07,25215,"{""type"":""MultiPoint"",""coordinates"":[]}"
216_0,0.32391828,0.7989503,0.31527817,2024-11-07,25216,"{""type"":""MultiPoint"",""coordinates"":[]}"
217_0,0.31648862,0.7659251,0.319592,2024-11-07,25217,"{""type"":""MultiPoint"",""coordinates"":[]}"
218_0,0.44031975,0.84600365,0.42837942,2024-11-07,25218,"{""type"":""MultiPoint"",""coordinates"":[]}"
219_0,0.3076611,0.7914639,0.3233576,2024-11-07,25219,"{""type"":""MultiPoint"",""coordinates"":[]}"
220_0,0.30971238,0.8030567,0.25701877,2024-11-07,25220,"{""type"":""MultiPoint"",""coordinates"":[]}"
221_0,0.31379324,0.8120522,0.34074947,2024-11-07,25221,"{""type"":""MultiPoint"",""coordinates"":[]}"
222_0,0.17221563,0.7205355,0.18040136,2024-11-07,25222,"{""type"":""MultiPoint"",""coordinates"":[]}"
223_0,0.23848934,0.7392024,0.19562061,2024-11-07,25223,"{""type"":""MultiPoint"",""coordinates"":[]}"
224_0,0.26552993,0.72721535,0.26745692,2024-11-07,25224,"{""type"":""MultiPoint"",""coordinates"":[]}"
225_0,0.12723781,0.6411779,0.109615974,2024-11-07,25225,"{""type"":""MultiPoint"",""coordinates"":[]}"
226_0,0.30553603,0.8046969,0.28738776,2024-11-07,25226,"{""type"":""MultiPoint"",""coordinates"":[]}"
227_0,0.11007764,0.63304484,0.10421161,2024-11-07,25227,"{""type"":""MultiPoint"",""coordinates"":[]}"
228_0,0.13305828,0.7413065,0.11371771,2024-11-07,25228,"{""type"":""MultiPoint"",""coordinates"":[]}"
229_0,0.072730646,0.6930772,0.104854584,2024-11-07,25229,"{""type"":""MultiPoint"",""coordinates"":[]}"
230_0,0.108547546,0.5918152,0.082520105,2024-11-07,25230,"{""type"":""MultiPoint"",""coordinates"":[]}"
231_0,0.13192032,0.72119534,0.08100786,2024-11-07,25231,"{""type"":""MultiPoint"",""coordinates"":[]}"
232_0,0.1830376,0.7266394,0.15582368,2024-11-07,25232,"{""type"":""MultiPoint"",""coordinates"":[]}"
233_0,0.3223181,0.75015557,0.30370113,2024-11-07,25233,"{""type"":""MultiPoint"",""coordinates"":[]}"
234_0,0.12228908,0.5961647,0.10855748,2024-11-07,25234,"{""type"":""MultiPoint"",""coordinates"":[]}"
235_0,0.17315713,0.704183,0.121551506,2024-11-07,25235,"{""type"":""MultiPoint"",""coordinates"":[]}"
236_0,0.3270173,0.72826326,0.32203665,2024-11-07,25236,"{""type"":""MultiPoint"",""coordinates"":[]}"
237_0,0.3438974,0.7903473,0.3589716,2024-11-07,25237,"{""type"":""MultiPoint"",""coordinates"":[]}"
238_0,0.43970406,0.81732225,0.44783488,2024-11-07,25238,"{""type"":""MultiPoint"",""coordinates"":[]}"
239_0,0.2477867,0.772748,0.26017833,2024-11-07,25239,"{""type"":""MultiPoint"",""coordinates"":[]}"
240_0,0.36639863,0.8011971,0.31277165,2024-11-07,25240,"{""type"":""MultiPoint"",""coordinates"":[]}"
241_0,0.19428954,0.5162123,0.1913047,2024-11-07,25241,"{""type"":""MultiPoint"",""coordinates"":[]}"
242_0,0.17397562,0.393758,0.17458564,2024-11-07,25242,"{""type"":""MultiPoint"",""coordinates"":[]}"
243_0,0.026918316,0.41560447,0.11209496,2024-11-07,25243,"{""type"":""MultiPoint"",""coordinates"":[]}"
244_0,0.20756665,0.40953842,0.21603733,2024-11-07,25244,"{""type"":""MultiPoint"",""coordinates"":[]}"
245_0,0.18568057,0.69626015,0.13762268,2024-11-07,25245,"{""type"":""MultiPoint"",""coordinates"":[]}"
246_0,0.2771612,0.39082727,0.30321592,2024-11-07,25246,"{""type"":""MultiPoint"",""coordinates"":[]}"
247_0,0.15776768,0.3449285,0.18802185,2024-11-07,25247,"{""type"":""MultiPoint"",""coordinates"":[]}"
248_0,0.22373834,0.5051184,0.18418044,2024-11-07,25248,"{""type"":""MultiPoint"",""coordinates"":[]}"
249_0,0.23632799,0.3814432,0.23256256,2024-11-07,25249,"{""type"":""MultiPoint"",""coordinates"":[]}"
250_0,0.07347588,0.5542201,0.06587816,2024-11-07,25250,"{""type"":""MultiPoint"",""coordinates"":[]}"
251_0,0.41677877,0.7645823,0.39847085,2024-11-07,25251,"{""type"":""MultiPoint"",""coordinates"":[]}"
252_0,0.16078235,0.6267415,0.1331084,2024-11-07,25252,"{""type"":""MultiPoint"",""coordinates"":[]}"
253_0,0.4103205,0.76169854,0.45081183,2024-11-07,25253,"{""type"":""MultiPoint"",""coordinates"":[]}"
254_0,0.33711657,0.87575567,0.35105106,2024-11-07,25254,"{""type"":""MultiPoint"",""coordinates"":[]}"
255_0,0.061162848,0.66830575,2.6802465E-4,2024-11-07,25255,"{""type"":""MultiPoint"",""coordinates"":[]}"
256_0,0.2226659,0.77529925,0.22969663,2024-11-07,25256,"{""type"":""MultiPoint"",""coordinates"":[]}"
257_0,0.189847,0.7958768,0.20450665,2024-11-07,25257,"{""type"":""MultiPoint"",""coordinates"":[]}"
258_0,0.28070512,0.82671136,0.34059373,2024-11-07,25258,"{""type"":""MultiPoint"",""coordinates"":[]}"
259_0,0.24659017,0.8009845,0.19088584,2024-11-07,25259,"{""type"":""MultiPoint"",""coordinates"":[]}"
260_0,0.12049215,0.6491964,0.06474171,2024-11-07,25260,"{""type"":""MultiPoint"",""coordinates"":[]}"
261_0,0.38620496,0.84356725,0.39298537,2024-11-07,25261,"{""type"":""MultiPoint"",""coordinates"":[]}"
262_0,0.37899545,0.7968442,0.3813495,2024-11-07,25262,"{""type"":""MultiPoint"",""coordinates"":[]}"
263_0,0.17488638,0.7677609,0.19095561,2024-11-07,25263,"{""type"":""MultiPoint"",""coordinates"":[]}"
264_0,0.23244512,0.80239666,0.23347281,2024-11-07,25264,"{""type"":""MultiPoint"",""coordinates"":[]}"
265_0,0.27824464,0.8329323,0.26590693,2024-11-07,25265,"{""type"":""MultiPoint"",""coordinates"":[]}"
266_0,0.15239726,0.7216444,0.0784983,2024-11-07,25266,"{""type"":""MultiPoint"",""coordinates"":[]}"
267_0,0.17566302,0.7471374,0.16180202,2024-11-07,25267,"{""type"":""MultiPoint"",""coordinates"":[]}"
268_0,0.22118627,0.8175931,0.2635528,2024-11-07,25268,"{""type"":""MultiPoint"",""coordinates"":[]}"
269_0,0.11516761,0.63704747,0.13272609,2024-11-07,25269,"{""type"":""MultiPoint"",""coordinates"":[]}"
270_0,0.23387694,0.7071856,0.1594144,2024-11-07,25270,"{""type"":""MultiPoint"",""coordinates"":[]}"
271_0,0.23403442,0.8042465,0.2699107,2024-11-07,25271,"{""type"":""MultiPoint"",""coordinates"":[]}"
272_0,0.25194073,0.8454697,0.35234216,2024-11-07,25272,"{""type"":""MultiPoint"",""coordinates"":[]}"
273_0,0.13095957,0.68332726,0.032907993,2024-11-07,25273,"{""type"":""MultiPoint"",""coordinates"":[]}"
274_0,0.064907655,0.8319567,0.28949478,2024-11-07,25274,"{""type"":""MultiPoint"",""coordinates"":[]}"
275_0,0.21654929,0.7911076,0.20945106,2024-11-07,25275,"{""type"":""MultiPoint"",""coordinates"":[]}"
276_0,0.0791941,0.7256177,0.06972995,2024-11-07,25276,"{""type"":""MultiPoint"",""coordinates"":[]}"
277_0,0.16639584,0.7779073,0.19654691,2024-11-07,25277,"{""type"":""MultiPoint"",""coordinates"":[]}"
278_0,0.09362049,0.6483905,0.07701957,2024-11-07,25278,"{""type"":""MultiPoint"",""coordinates"":[]}"
279_0,0.1574468,0.7215069,0.1313068,2024-11-07,25279,"{""type"":""MultiPoint"",""coordinates"":[]}"
280_0,0.07074118,0.6002191,0.029961227,2024-11-07,25280,"{""type"":""MultiPoint"",""coordinates"":[]}"
281_0,0.03559738,0.5783926,0.007926575,2024-11-07,25281,"{""type"":""MultiPoint"",""coordinates"":[]}"
282_0,-0.017135603,0.5125812,-0.03773778,2024-11-07,25282,"{""type"":""MultiPoint"",""coordinates"":[]}"
283_0,0.075502194,0.7036756,0.059210528,2024-11-07,25283,"{""type"":""MultiPoint"",""coordinates"":[]}"
284_0,0.023172906,0.6659108,0.0027297544,2024-11-07,25284,"{""type"":""MultiPoint"",""coordinates"":[]}"
285_0,-0.029523088,0.54501605,-0.029782938,2024-11-07,25285,"{""type"":""MultiPoint"",""coordinates"":[]}"
286_0,0.122337185,0.7064133,0.10932674,2024-11-07,25286,"{""type"":""MultiPoint"",""coordinates"":[]}"
287_0,0.07631902,0.6412632,0.017488906,2024-11-07,25287,"{""type"":""MultiPoint"",""coordinates"":[]}"
288_0,0.14553739,0.76438355,0.095859334,2024-11-07,25288,"{""type"":""MultiPoint"",""coordinates"":[]}"
289_0,0.34740707,0.89131314,0.37393603,2024-11-07,25289,"{""type"":""MultiPoint"",""coordinates"":[]}"
290_0,0.25066993,0.762435,0.21370143,2024-11-07,25290,"{""type"":""MultiPoint"",""coordinates"":[]}"
291_0,-0.038327005,0.56426203,-0.07680839,2024-11-07,25291,"{""type"":""MultiPoint"",""coordinates"":[]}"
292_0,0.05768715,0.60635185,0.045133226,2024-11-07,25292,"{""type"":""MultiPoint"",""coordinates"":[]}"
293_0,0.07803058,0.59101796,0.07356952,2024-11-07,25293,"{""type"":""MultiPoint"",""coordinates"":[]}"
294_0,0.30222985,0.85166925,0.340253,2024-11-07,25294,"{""type"":""MultiPoint"",""coordinates"":[]}"
295_0,0.027444722,0.5825754,-0.025763446,2024-11-07,25295,"{""type"":""MultiPoint"",""coordinates"":[]}"
296_0,0.06546783,0.6520147,0.040669166,2024-11-07,25296,"{""type"":""MultiPoint"",""coordinates"":[]}"
297_0,0.29052207,0.7657674,0.22519347,2024-11-07,25297,"{""type"":""MultiPoint"",""coordinates"":[]}"
298_0,0.22964714,0.8269181,0.284041,2024-11-07,25298,"{""type"":""MultiPoint"",""coordinates"":[]}"
299_0,0.0977131,0.67962897,0.04067197,2024-11-07,25299,"{""type"":""MultiPoint"",""coordinates"":[]}"
300_0,0.09229898,0.6509953,0.09740991,2024-11-07,25300,"{""type"":""MultiPoint"",""coordinates"":[]}"
301_0,0.18482906,0.72141707,0.16703057,2024-11-07,25301,"{""type"":""MultiPoint"",""coordinates"":[]}"
302_0,0.17703862,0.78226894,0.17938659,2024-11-07,25302,"{""type"":""MultiPoint"",""coordinates"":[]}"
303_0,0.111466184,0.52392673,0.11735254,2024-11-07,25303,"{""type"":""MultiPoint"",""coordinates"":[]}"
304_0,0.03164557,0.61331904,0.062104523,2024-11-07,25304,"{""type"":""MultiPoint"",""coordinates"":[]}"
305_0,0.10687014,0.637743,0.10355485,2024-11-07,25305,"{""type"":""MultiPoint"",""coordinates"":[]}"
306_0,0.17633887,0.7717579,0.16417345,2024-11-07,25306,"{""type"":""MultiPoint"",""coordinates"":[]}"
307_0,0.1566416,0.73189706,0.17809892,2024-11-07,25307,"{""type"":""MultiPoint"",""coordinates"":[]}"
308_0,0.15143256,0.76425385,0.19490834,2024-11-07,25308,"{""type"":""MultiPoint"",""coordinates"":[]}"
309_0,0.24557422,0.75462395,0.27105263,2024-11-07,25309,"{""type"":""MultiPoint"",""coordinates"":[]}"
310_0,0.061091755,0.664362,0.13429,2024-11-07,25310,"{""type"":""MultiPoint"",""coordinates"":[]}"
311_0,0.12914494,0.730291,0.09262253,2024-11-07,25311,"{""type"":""MultiPoint"",""coordinates"":[]}"
312_0,0.055181246,0.6513047,0.022479936,2024-11-07,25312,"{""type"":""MultiPoint"",""coordinates"":[]}"
313_0,0.33828792,0.8119144,0.36443493,2024-11-07,25313,"{""type"":""MultiPoint"",""coordinates"":[]}"
314_0,0.34648702,0.8789346,0.35384616,2024-11-07,25314,"{""type"":""MultiPoint"",""coordinates"":[]}"
315_0,0.17440347,0.74636173,0.13949808,2024-11-07,25315,"{""type"":""MultiPoint"",""coordinates"":[]}"
316_0,0.20494464,0.60966575,0.1832537,2024-11-07,25316,"{""type"":""MultiPoint"",""coordinates"":[]}"
317_0,0.25952902,0.7257064,0.24298833,2024-11-07,25317,"{""type"":""MultiPoint"",""coordinates"":[]}"
318_0,0.028424304,0.5575279,-0.03541494,2024-11-07,25318,"{""type"":""MultiPoint"",""coordinates"":[]}"
319_0,0.26185566,0.75568974,0.24908233,2024-11-07,25319,"{""type"":""MultiPoint"",""coordinates"":[]}"
320_0,0.31968555,0.73253495,0.3158992,2024-11-07,25320,"{""type"":""MultiPoint"",""coordinates"":[]}"
321_0,0.21472384,0.7691927,0.17624246,2024-11-07,25321,"{""type"":""MultiPoint"",""coordinates"":[]}"
322_0,0.22289544,0.7131642,0.17606515,2024-11-07,25322,"{""type"":""MultiPoint"",""coordinates"":[]}"
323_0,0.2839721,0.7008596,0.2870772,2024-11-07,25323,"{""type"":""MultiPoint"",""coordinates"":[]}"
324_0,0.31636527,0.8312655,0.32510468,2024-11-07,25324,"{""type"":""MultiPoint"",""coordinates"":[]}"
325_0,0.06545104,0.6532774,0.056702178,2024-11-07,25325,"{""type"":""MultiPoint"",""coordinates"":[]}"
326_0,0.13746493,0.699331,0.12155844,2024-11-07,25326,"{""type"":""MultiPoint"",""coordinates"":[]}"
327_0,0.03639617,0.61772966,0.01716441,2024-11-07,25327,"{""type"":""MultiPoint"",""coordinates"":[]}"
328_0,0.20579301,0.7172319,0.2638102,2024-11-07,25328,"{""type"":""MultiPoint"",""coordinates"":[]}"
329_0,0.16329704,0.6516129,0.15541601,2024-11-07,25329,"{""type"":""MultiPoint"",""coordinates"":[]}"
330_0,0.13362174,0.7552537,0.13776977,2024-11-07,25330,"{""type"":""MultiPoint"",""coordinates"":[]}"
331_0,0.04304447,0.54180473,0.021976326,2024-11-07,25331,"{""type"":""MultiPoint"",""coordinates"":[]}"
332_0,0.13804519,0.6440939,0.117832325,2024-11-07,25332,"{""type"":""MultiPoint"",""coordinates"":[]}"
333_0,0.040283523,0.48865634,0.046848707,2024-11-07,25333,"{""type"":""MultiPoint"",""coordinates"":[]}"
334_0,0.10650882,0.648943,0.1367641,2024-11-07,25334,"{""type"":""MultiPoint"",""coordinates"":[]}"
335_0,0.09151101,0.6856019,0.06892007,2024-11-07,25335,"{""type"":""MultiPoint"",""coordinates"":[]}"
336_0,0.022703579,0.55363166,-0.02656937,2024-11-07,25336,"{""type"":""MultiPoint"",""coordinates"":[]}"
337_0,0.09938595,0.5998473,0.12331894,2024-11-07,25337,"{""type"":""MultiPoint"",""coordinates"":[]}"
338_0,0.28877285,0.8411786,0.3058104,2024-11-07,25338,"{""type"":""MultiPoint"",""coordinates"":[]}"
339_0,0.06509173,0.59659636,0.060745705,2024-11-07,25339,"{""type"":""MultiPoint"",""coordinates"":[]}"
340_0,0.30556172,0.7828571,0.25716993,2024-11-07,25340,"{""type"":""MultiPoint"",""coordinates"":[]}"
341_0,-0.027970111,0.5337739,-0.13952477,2024-11-07,25341,"{""type"":""MultiPoint"",""coordinates"":[]}"
342_0,0.11862298,0.58720756,0.11550468,2024-11-07,25342,"{""type"":""MultiPoint"",""coordinates"":[]}"
343_0,0.029040225,0.45442328,0.020916294,2024-11-07,25343,"{""type"":""MultiPoint"",""coordinates"":[]}"
344_0,0.21908008,0.79650027,0.21451932,2024-11-07,25344,"{""type"":""MultiPoint"",""coordinates"":[]}"
345_0,0.17329364,0.6817921,0.20197044,2024-11-07,25345,"{""type"":""MultiPoint"",""coordinates"":[]}"
346_0,0.14465055,0.6487202,0.13401741,2024-11-07,25346,"{""type"":""MultiPoint"",""coordinates"":[]}"
347_0,0.32862574,0.859037,0.36615384,2024-11-07,25347,"{""type"":""MultiPoint"",""coordinates"":[]}"
348_0,0.278297,0.76719964,0.26028198,2024-11-07,25348,"{""type"":""MultiPoint"",""coordinates"":[]}"
349_0,0.23361495,0.82881397,0.27435982,2024-11-07,25349,"{""type"":""MultiPoint"",""coordinates"":[]}"
350_0,0.15542558,0.7035501,0.10591814,2024-11-07,25350,"{""type"":""MultiPoint"",""coordinates"":[]}"
351_0,0.26012462,0.7065368,0.26527455,2024-11-07,25351,"{""type"":""MultiPoint"",""coordinates"":[]}"
352_0,0.37571904,0.770428,0.276745,2024-11-07,25352,"{""type"":""MultiPoint"",""coordinates"":[]}"
353_0,0.12906098,0.722825,0.08465045,2024-11-07,25353,"{""type"":""MultiPoint"",""coordinates"":[]}"
354_0,0.1587142,0.78206575,0.14453812,2024-11-07,25354,"{""type"":""MultiPoint"",""coordinates"":[]}"
355_0,0.15967451,0.72618824,0.11097721,2024-11-07,25355,"{""type"":""MultiPoint"",""coordinates"":[]}"
356_0,0.0809866,0.47140536,0.05656847,2024-11-07,25356,"{""type"":""MultiPoint"",""coordinates"":[]}"
357_0,0.27358243,0.7456944,0.26338103,2024-11-07,25357,"{""type"":""MultiPoint"",""coordinates"":[]}"
358_0,0.35784143,0.72530335,0.253542,2024-11-07,25358,"{""type"":""MultiPoint"",""coordinates"":[]}"
359_0,0.08576642,0.60264903,0.09403255,2024-11-07,25359,"{""type"":""MultiPoint"",""coordinates"":[]}"
360_0,0.13939627,0.6994323,0.11924439,2024-11-07,25360,"{""type"":""MultiPoint"",""coordinates"":[]}"
361_0,0.33997902,0.78353256,0.36206895,2024-11-07,25361,"{""type"":""MultiPoint"",""coordinates"":[]}"
362_0,-0.028013363,0.5459328,-0.023017902,2024-11-07,25362,"{""type"":""MultiPoint"",""coordinates"":[]}"
363_0,0.26003325,0.7142288,0.22513142,2024-11-07,25363,"{""type"":""MultiPoint"",""coordinates"":[]}"
364_0,0.11586963,0.63421905,0.07847578,2024-11-07,25364,"{""type"":""MultiPoint"",""coordinates"":[]}"
365_0,0.17523618,0.70113003,0.14275084,2024-11-07,25365,"{""type"":""MultiPoint"",""coordinates"":[]}"
366_0,0.20384172,0.80049914,0.19568487,2024-11-07,25366,"{""type"":""MultiPoint"",""coordinates"":[]}"
367_0,0.08373117,0.6178589,0.067081444,2024-11-07,25367,"{""type"":""MultiPoint"",""coordinates"":[]}"
368_0,0.32949206,0.7800779,0.36230338,2024-11-07,25368,"{""type"":""MultiPoint"",""coordinates"":[]}"
369_0,0.22724015,0.80490726,0.16627997,2024-11-07,25369,"{""type"":""MultiPoint"",""coordinates"":[]}"
370_0,0.3000026,0.8212323,0.2985952,2024-11-07,25370,"{""type"":""MultiPoint"",""coordinates"":[]}"
371_0,0.3629184,0.84826255,0.3225253,2024-11-07,25371,"{""type"":""MultiPoint"",""coordinates"":[]}"
372_0,-0.011985783,0.5379014,-0.014986486,2024-11-07,25372,"{""type"":""MultiPoint"",""coordinates"":[]}"
373_0,0.18016073,0.61451215,0.16839966,2024-11-07,25373,"{""type"":""MultiPoint"",""coordinates"":[]}"
374_0,0.15815862,0.6501377,0.12938958,2024-11-07,25374,"{""type"":""MultiPoint"",""coordinates"":[]}"
375_0,0.14267573,0.71770036,0.15663862,2024-11-07,25375,"{""type"":""MultiPoint"",""coordinates"":[]}"
376_0,0.12444571,0.6765387,0.08616169,2024-11-07,25376,"{""type"":""MultiPoint"",""coordinates"":[]}"
377_0,0.03572948,0.6087091,0.0040241587,2024-11-07,25377,"{""type"":""MultiPoint"",""coordinates"":[]}"
378_0,0.10923555,0.7032226,0.058530957,2024-11-07,25378,"{""type"":""MultiPoint"",""coordinates"":[]}"
379_0,0.18091664,0.5231946,0.07145108,2024-11-07,25379,"{""type"":""MultiPoint"",""coordinates"":[]}"
380_0,0.011304704,0.48536575,-0.04628551,2024-11-07,25380,"{""type"":""MultiPoint"",""coordinates"":[]}"
381_0,0.13398099,0.53384346,0.1292811,2024-11-07,25381,"{""type"":""MultiPoint"",""coordinates"":[]}"
382_0,0.30659926,0.7927747,0.30209282,2024-11-07,25382,"{""type"":""MultiPoint"",""coordinates"":[]}"
383_0,0.21034482,0.6912676,0.23531897,2024-11-07,25383,"{""type"":""MultiPoint"",""coordinates"":[]}"
384_0,0.29113522,0.741651,0.3046727,2024-11-07,25384,"{""type"":""MultiPoint"",""coordinates"":[]}"
385_0,0.2750872,0.79221284,0.3443172,2024-11-07,25385,"{""type"":""MultiPoint"",""coordinates"":[]}"
386_0,0.20671026,0.74401665,0.14861153,2024-11-07,25386,"{""type"":""MultiPoint"",""coordinates"":[]}"
387_0,0.17087667,0.63694453,0.18130371,2024-11-07,25387,"{""type"":""MultiPoint"",""coordinates"":[]}"
388_0,0.2900091,0.7562232,0.27278382,2024-11-07,25388,"{""type"":""MultiPoint"",""coordinates"":[]}"
389_0,0.2559028,0.7591358,0.23924915,2024-11-07,25389,"{""type"":""MultiPoint"",""coordinates"":[]}"
390_0,0.23610607,0.7283712,0.25937665,2024-11-07,25390,"{""type"":""MultiPoint"",""coordinates"":[]}"
391_0,0.28167808,0.7327935,0.20960905,2024-11-07,25391,"{""type"":""MultiPoint"",""coordinates"":[]}"
392_0,0.29150942,0.7268079,0.22296947,2024-11-07,25392,"{""type"":""MultiPoint"",""coordinates"":[]}"
393_0,0.15854643,0.6101818,0.17235902,2024-11-07,25393,"{""type"":""MultiPoint"",""coordinates"":[]}"
394_0,0.31643564,0.76187813,0.29233292,2024-11-07,25394,"{""type"":""MultiPoint"",""coordinates"":[]}"
395_0,0.32240438,0.77392423,0.31900668,2024-11-07,25395,"{""type"":""MultiPoint"",""coordinates"":[]}"
396_0,0.2734747,0.70603675,0.2152372,2024-11-07,25396,"{""type"":""MultiPoint"",""coordinates"":[]}"
397_0,0.17084414,0.5572637,0.16940837,2024-11-07,25397,"{""type"":""MultiPoint"",""coordinates"":[]}"
398_0,0.21320495,0.6651346,0.19285043,2024-11-07,25398,"{""type"":""MultiPoint"",""coordinates"":[]}"
399_0,0.16734694,0.7066356,0.17940466,2024-11-07,25399,"{""type"":""MultiPoint"",""coordinates"":[]}"
400_0,0.041183293,0.53267974,0.063190706,2024-11-07,25400,"{""type"":""MultiPoint"",""coordinates"":[]}"
401_0,0.25715068,0.68056494,0.21415766,2024-11-07,25401,"{""type"":""MultiPoint"",""coordinates"":[]}"
402_0,0.21952885,0.66774046,0.22639593,2024-11-07,25402,"{""type"":""MultiPoint"",""coordinates"":[]}"
403_0,0.23884328,0.7777778,0.28600135,2024-11-07,25403,"{""type"":""MultiPoint"",""coordinates"":[]}"
404_0,0.38243386,0.8149618,0.37028217,2024-11-07,25404,"{""type"":""MultiPoint"",""coordinates"":[]}"
405_0,0.30070946,0.7600164,0.27681014,2024-11-07,25405,"{""type"":""MultiPoint"",""coordinates"":[]}"
406_0,0.2636233,0.7664958,0.1222197,2024-11-07,25406,"{""type"":""MultiPoint"",""coordinates"":[]}"
407_0,0.28917637,0.70525134,0.28156483,2024-11-07,25407,"{""type"":""MultiPoint"",""coordinates"":[]}"
408_0,0.19940653,0.6425358,0.19630623,2024-11-07,25408,"{""type"":""MultiPoint"",""coordinates"":[]}"
409_0,0.18248533,0.6851983,0.14767286,2024-11-07,25409,"{""type"":""MultiPoint"",""coordinates"":[]}"
410_0,0.13109508,0.627852,0.11628659,2024-11-07,25410,"{""type"":""MultiPoint"",""coordinates"":[]}"
411_0,0.20782192,0.6956522,0.20501044,2024-11-07,25411,"{""type"":""MultiPoint"",""coordinates"":[]}"
412_0,0.14771415,0.7265061,0.101297505,2024-11-07,25412,"{""type"":""MultiPoint"",""coordinates"":[]}"
413_0,0.10783703,0.66040856,0.10270498,2024-11-07,25413,"{""type"":""MultiPoint"",""coordinates"":[]}"
414_0,0.23809287,0.7574443,0.2072033,2024-11-07,25414,"{""type"":""MultiPoint"",""coordinates"":[]}"
415_0,0.2887518,0.75794095,0.16903603,2024-11-07,25415,"{""type"":""MultiPoint"",""coordinates"":[]}"
416_0,0.23571023,0.6918338,0.21428396,2024-11-07,25416,"{""type"":""MultiPoint"",""coordinates"":[]}"
417_0,0.26709917,0.6791276,0.21606019,2024-11-07,25417,"{""type"":""MultiPoint"",""coordinates"":[]}"
418_0,0.12791704,0.6191158,0.09336023,2024-11-07,25418,"{""type"":""MultiPoint"",""coordinates"":[]}"
419_0,0.2547345,0.76021487,0.19974762,2024-11-07,25419,"{""type"":""MultiPoint"",""coordinates"":[]}"
420_0,0.4138012,0.8501207,0.43436193,2024-11-07,25420,"{""type"":""MultiPoint"",""coordinates"":[]}"
421_0,0.048353538,0.61183727,0.020003779,2024-11-07,25421,"{""type"":""MultiPoint"",""coordinates"":[]}"
422_0,0.15137406,0.728199,-0.10855125,2024-11-07,25422,"{""type"":""MultiPoint"",""coordinates"":[]}"
423_0,-0.0211499,0.42987606,-0.04625854,2024-11-07,25423,"{""type"":""MultiPoint"",""coordinates"":[]}"
424_0,0.40441498,0.8593547,0.35846746,2024-11-07,25424,"{""type"":""MultiPoint"",""coordinates"":[]}"
425_0,0.27970296,0.751588,0.20652385,2024-11-07,25425,"{""type"":""MultiPoint"",""coordinates"":[]}"
426_0,0.17341386,0.5599081,0.1904813,2024-11-07,25426,"{""type"":""MultiPoint"",""coordinates"":[]}"
427_0,0.29217085,0.8511449,0.25328776,2024-11-07,25427,"{""type"":""MultiPoint"",""coordinates"":[]}"
428_0,0.15571561,0.698988,0.087150455,2024-11-07,25428,"{""type"":""MultiPoint"",""coordinates"":[]}"
429_0,0.16908988,0.6178977,0.18138082,2024-11-07,25429,"{""type"":""MultiPoint"",""coordinates"":[]}"
430_0,-0.008280084,0.5555317,-0.024871534,2024-11-07,25430,"{""type"":""MultiPoint"",""coordinates"":[]}"
431_0,0.1935741,0.73056966,0.22048482,2024-11-07,25431,"{""type"":""MultiPoint"",""coordinates"":[]}"
432_0,0.23955071,0.834131,0.22578265,2024-11-07,25432,"{""type"":""MultiPoint"",""coordinates"":[]}"
433_0,0.2443921,0.74749136,0.12203797,2024-11-07,25433,"{""type"":""MultiPoint"",""coordinates"":[]}"
434_0,-0.03262485,0.5429866,-0.03381369,2024-11-07,25434,"{""type"":""MultiPoint"",""coordinates"":[]}"
435_0,0.10582046,0.51584303,0.098502904,2024-11-07,25435,"{""type"":""MultiPoint"",""coordinates"":[]}"
436_0,0.2901466,0.72514063,0.3078771,2024-11-07,25436,"{""type"":""MultiPoint"",""coordinates"":[]}"
437_0,0.23473187,0.7311279,0.20011409,2024-11-07,25437,"{""type"":""MultiPoint"",""coordinates"":[]}"
438_0,0.19363968,0.7172371,0.09981954,2024-11-07,25438,"{""type"":""MultiPoint"",""coordinates"":[]}"
439_0,0.23097835,0.64994323,0.2225404,2024-11-07,25439,"{""type"":""MultiPoint"",""coordinates"":[]}"
440_0,0.22222514,0.64881134,0.20746659,2024-11-07,25440,"{""type"":""MultiPoint"",""coordinates"":[]}"
441_0,0.12394142,0.6931874,0.112184055,2024-11-07,25441,"{""type"":""MultiPoint"",""coordinates"":[]}"
442_0,0.28035298,0.6930502,0.26681918,2024-11-07,25442,"{""type"":""MultiPoint"",""coordinates"":[]}"
443_0,0.114868775,0.68011916,0.086443104,2024-11-07,25443,"{""type"":""MultiPoint"",""coordinates"":[]}"
444_0,0.033683255,0.6280898,-0.041777503,2024-11-07,25444,"{""type"":""MultiPoint"",""coordinates"":[]}"
445_0,0.46871474,0.84107786,0.46789145,2024-11-07,25445,"{""type"":""MultiPoint"",""coordinates"":[]}"
446_0,0.054930706,0.5612748,0.0304309,2024-11-07,25446,"{""type"":""MultiPoint"",""coordinates"":[]}"
447_0,0.10634688,0.52223086,0.12765633,2024-11-07,25447,"{""type"":""MultiPoint"",""coordinates"":[]}"
448_0,0.2003656,0.5941822,0.20729396,2024-11-07,25448,"{""type"":""MultiPoint"",""coordinates"":[]}"
449_0,0.1213582,0.6689065,0.0805233,2024-11-07,25449,"{""type"":""MultiPoint"",""coordinates"":[]}"
450_0,0.40174833,0.8368733,0.35289285,2024-11-07,25450,"{""type"":""MultiPoint"",""coordinates"":[]}"
451_0,0.019519255,0.5050434,-0.05010153,2024-11-07,25451,"{""type"":""MultiPoint"",""coordinates"":[]}"
452_0,0.09816875,0.54446596,0.0942513,2024-11-07,25452,"{""type"":""MultiPoint"",""coordinates"":[]}"
453_0,0.2018265,0.6271416,0.21935177,2024-11-07,25453,"{""type"":""MultiPoint"",""coordinates"":[]}"
454_0,0.33307302,0.77112913,0.3733742,2024-11-07,25454,"{""type"":""MultiPoint"",""coordinates"":[]}"
455_0,-0.015621296,0.5405344,0.019406855,2024-11-07,25455,"{""type"":""MultiPoint"",""coordinates"":[]}"
456_0,0.17603031,0.5396734,0.20252265,2024-11-07,25456,"{""type"":""MultiPoint"",""coordinates"":[]}"
457_0,0.3069146,0.69515014,0.30951598,2024-11-07,25457,"{""type"":""MultiPoint"",""coordinates"":[]}"
458_0,0.07496707,0.5669598,0.06916465,2024-11-07,25458,"{""type"":""MultiPoint"",""coordinates"":[]}"
459_0,0.22200353,0.76413345,0.22626224,2024-11-07,25459,"{""type"":""MultiPoint"",""coordinates"":[]}"
460_0,0.22459117,0.7444,0.23278597,2024-11-07,25460,"{""type"":""MultiPoint"",""coordinates"":[]}"
461_0,0.12492859,0.70551103,0.102864996,2024-11-07,25461,"{""type"":""MultiPoint"",""coordinates"":[]}"
462_0,0.12308108,0.7066956,0.12106312,2024-11-07,25462,"{""type"":""MultiPoint"",""coordinates"":[]}"
463_0,0.1803371,0.7123944,0.15445744,2024-11-07,25463,"{""type"":""MultiPoint"",""coordinates"":[]}"
464_0,0.19275141,0.70287275,0.19524346,2024-11-07,25464,"{""type"":""MultiPoint"",""coordinates"":[]}"
465_0,0.11626292,0.63903874,0.11890785,2024-11-07,25465,"{""type"":""MultiPoint"",""coordinates"":[]}"
466_0,-0.040382568,0.42170486,-0.05807261,2024-11-07,25466,"{""type"":""MultiPoint"",""coordinates"":[]}"
467_0,0.11580002,0.65483224,0.042447966,2024-11-07,25467,"{""type"":""MultiPoint"",""coordinates"":[]}"
468_0,0.24881977,0.7317357,0.23786807,2024-11-07,25468,"{""type"":""MultiPoint"",""coordinates"":[]}"
469_0,0.08940358,0.6066505,0.077495985,2024-11-07,25469,"{""type"":""MultiPoint"",""coordinates"":[]}"
470_0,0.12618996,0.67871034,0.055554353,2024-11-07,25470,"{""type"":""MultiPoint"",""coordinates"":[]}"
471_0,0.11182142,0.60812837,0.099834554,2024-11-07,25471,"{""type"":""MultiPoint"",""coordinates"":[]}"
472_0,0.42557493,0.8514463,0.4304757,2024-11-07,25472,"{""type"":""MultiPoint"",""coordinates"":[]}"
473_0,0.17454216,0.61705524,0.1746173,2024-11-07,25473,"{""type"":""MultiPoint"",""coordinates"":[]}"
474_0,0.22922274,0.6284793,0.29205683,2024-11-07,25474,"{""type"":""MultiPoint"",""coordinates"":[]}"
475_0,0.27591878,0.7243294,0.25850636,2024-11-07,25475,"{""type"":""MultiPoint"",""coordinates"":[]}"
476_0,0.2073903,0.70067114,0.21320495,2024-11-07,25476,"{""type"":""MultiPoint"",""coordinates"":[]}"
477_0,0.25016588,0.83255816,0.16481893,2024-11-07,25477,"{""type"":""MultiPoint"",""coordinates"":[]}"
478_0,0.16934253,0.73084193,0.18087678,2024-11-07,25478,"{""type"":""MultiPoint"",""coordinates"":[]}"
479_0,0.29755434,0.7395105,0.31613755,2024-11-07,25479,"{""type"":""MultiPoint"",""coordinates"":[]}"
480_0,0.35846072,0.7914798,0.28306332,2024-11-07,25480,"{""type"":""MultiPoint"",""coordinates"":[]}"
481_0,0.06532015,0.545047,0.055195175,2024-11-07,25481,"{""type"":""MultiPoint"",""coordinates"":[]}"
482_0,0.33786127,0.7985153,0.35476562,2024-11-07,25482,"{""type"":""MultiPoint"",""coordinates"":[]}"
483_0,0.13821915,0.61130744,0.19306253,2024-11-07,25483,"{""type"":""MultiPoint"",""coordinates"":[]}"
484_0,0.037539642,0.5963108,0.044655528,2024-11-07,25484,"{""type"":""MultiPoint"",""coordinates"":[]}"
485_0,0.24782608,0.71064734,0.2920716,2024-11-07,25485,"{""type"":""MultiPoint"",""coordinates"":[]}"
486_0,0.2066692,0.68078935,0.20726264,2024-11-07,25486,"{""type"":""MultiPoint"",""coordinates"":[]}"
487_0,0.24368332,0.79575163,0.24005641,2024-11-07,25487,"{""type"":""MultiPoint"",""coordinates"":[]}"
488_0,0.271708,0.705487,0.3027832,2024-11-07,25488,"{""type"":""MultiPoint"",""coordinates"":[]}"
489_0,0.28851542,0.7112069,0.20714557,2024-11-07,25489,"{""type"":""MultiPoint"",""coordinates"":[]}"
490_0,0.10738423,0.49605343,0.1233853,2024-11-07,25490,"{""type"":""MultiPoint"",""coordinates"":[]}"
491_0,0.21994752,0.64554554,0.2519606,2024-11-07,25491,"{""type"":""MultiPoint"",""coordinates"":[]}"
492_0,0.10563667,0.6782589,0.12243814,2024-11-07,25492,"{""type"":""MultiPoint"",""coordinates"":[]}"
493_0,0.3716614,0.83645475,0.39450115,2024-11-07,25493,"{""type"":""MultiPoint"",""coordinates"":[]}"
494_0,0.3652641,0.8215364,0.34615323,2024-11-07,25494,"{""type"":""MultiPoint"",""coordinates"":[]}"
495_0,0.16238682,0.664351,0.10186723,2024-11-07,25495,"{""type"":""MultiPoint"",""coordinates"":[]}"
496_0,0.08127794,0.5849624,0.05637685,2024-11-07,25496,"{""type"":""MultiPoint"",""coordinates"":[]}"
497_0,0.29203397,0.7516288,0.27583498,2024-11-07,25497,"{""type"":""MultiPoint"",""coordinates"":[]}"
498_0,0.4304815,0.8547918,0.35744837,2024-11-07,25498,"{""type"":""MultiPoint"",""coordinates"":[]}"
499_0,0.192517,0.696098,0.16229704,2024-11-07,25499,"{""type"":""MultiPoint"",""coordinates"":[]}"
500_0,0.30508044,0.83690995,0.2308115,2024-11-07,25500,"{""type"":""MultiPoint"",""coordinates"":[]}"
501_0,0.041847043,0.488685,0.003894418,2024-11-07,25501,"{""type"":""MultiPoint"",""coordinates"":[]}"
502_0,0.4448517,0.83644414,0.49720404,2024-11-07,25502,"{""type"":""MultiPoint"",""coordinates"":[]}"
503_0,0.28828079,0.81375426,0.2810261,2024-11-07,25503,"{""type"":""MultiPoint"",""coordinates"":[]}"
504_0,0.15775752,0.67311347,0.13010275,2024-11-07,25504,"{""type"":""MultiPoint"",""coordinates"":[]}"
505_0,0.21142021,0.74691063,0.21654671,2024-11-07,25505,"{""type"":""MultiPoint"",""coordinates"":[]}"
506_0,0.07032505,0.46175948,0.040428784,2024-11-07,25506,"{""type"":""MultiPoint"",""coordinates"":[]}"
507_0,0.13097824,0.74837095,0.103178665,2024-11-07,25507,"{""type"":""MultiPoint"",""coordinates"":[]}"
508_0,0.20103905,0.7500052,0.1968803,2024-11-07,25508,"{""type"":""MultiPoint"",""coordinates"":[]}"
509_0,0.02878905,0.5697946,1.2675689E-5,2024-11-07,25509,"{""type"":""MultiPoint"",""coordinates"":[]}"
510_0,0.20444188,0.7132514,0.14902203,2024-11-07,25510,"{""type"":""MultiPoint"",""coordinates"":[]}"
511_0,0.059175346,0.55711657,0.039160587,2024-11-07,25511,"{""type"":""MultiPoint"",""coordinates"":[]}"
512_0,0.1711515,0.71532804,0.16217697,2024-11-07,25512,"{""type"":""MultiPoint"",""coordinates"":[]}"
513_0,0.101407036,0.71713436,0.0984939,2024-11-07,25513,"{""type"":""MultiPoint"",""coordinates"":[]}"
514_0,0.18892182,0.6713188,0.16440555,2024-11-07,25514,"{""type"":""MultiPoint"",""coordinates"":[]}"
515_0,0.28238958,0.7489431,0.23508355,2024-11-07,25515,"{""type"":""MultiPoint"",""coordinates"":[]}"
516_0,0.32201058,0.8306832,0.36706743,2024-11-07,25516,"{""type"":""MultiPoint"",""coordinates"":[]}"
517_0,0.2406751,0.6922277,0.2666235,2024-11-07,25517,"{""type"":""MultiPoint"",""coordinates"":[]}"
518_0,0.24821053,0.7298968,0.17883915,2024-11-07,25518,"{""type"":""MultiPoint"",""coordinates"":[]}"
519_0,0.30268505,0.7884438,0.30008146,2024-11-07,25519,"{""type"":""MultiPoint"",""coordinates"":[]}"
520_0,0.2647885,0.7847734,0.2667396,2024-11-07,25520,"{""type"":""MultiPoint"",""coordinates"":[]}"
521_0,0.32883602,0.7975754,0.34720033,2024-11-07,25521,"{""type"":""MultiPoint"",""coordinates"":[]}"
522_0,0.40713593,0.84432995,0.3890814,2024-11-07,25522,"{""type"":""MultiPoint"",""coordinates"":[]}"
523_0,0.33864123,0.68012667,0.3520489,2024-11-07,25523,"{""type"":""MultiPoint"",""coordinates"":[]}"
524_0,0.2925995,0.38708764,0.32762334,2024-11-07,25524,"{""type"":""MultiPoint"",""coordinates"":[]}"
525_0,0.075173706,0.6109858,0.065537,2024-11-07,25525,"{""type"":""MultiPoint"",""coordinates"":[]}"
526_0,0.2523604,0.33536273,0.20354176,2024-11-07,25526,"{""type"":""MultiPoint"",""coordinates"":[]}"
527_0,0.20599571,0.30953413,-0.13832706,2024-11-07,25527,"{""type"":""MultiPoint"",""coordinates"":[]}"
528_0,0.25373873,0.39843142,0.26979926,2024-11-07,25528,"{""type"":""MultiPoint"",""coordinates"":[]}"
529_0,0.24577647,0.3766908,0.21465653,2024-11-07,25529,"{""type"":""MultiPoint"",""coordinates"":[]}"
530_0,0.07737632,0.44165313,0.054180022,2024-11-07,25530,"{""type"":""MultiPoint"",""coordinates"":[]}"
531_0,0.25417575,0.71863556,0.119394615,2024-11-07,25531,"{""type"":""MultiPoint"",""coordinates"":[]}"
532_0,0.16452496,0.33238366,0.15175274,2024-11-07,25532,"{""type"":""MultiPoint"",""coordinates"":[]}"
533_0,0.043884683,0.54159683,0.023623787,2024-11-07,25533,"{""type"":""MultiPoint"",""coordinates"":[]}"
534_0,0.29462767,0.69564945,0.25549987,2024-11-07,25534,"{""type"":""MultiPoint"",""coordinates"":[]}"
535_0,0.033265676,0.5346897,0.017121302,2024-11-07,25535,"{""type"":""MultiPoint"",""coordinates"":[]}"
536_0,0.42527214,0.74168926,0.49013776,2024-11-07,25536,"{""type"":""MultiPoint"",""coordinates"":[]}"
